"12/02/2022","300.00","*","","TESLA MOTORS, IN PAYROLL 221129 675319 Opperud Travis"
"11/30/2022","0.15","*","","INTEREST PAYMENT"
"11/18/2022","300.00","*","","TESLA MOTORS, IN PAYROLL 221115 675319 Opperud Travis"
"11/04/2022","300.00","*","","TESLA MOTORS, IN PAYROLL 221101 675319 Opperud Travis"
"10/31/2022","0.15","*","","INTEREST PAYMENT"
"10/21/2022","300.00","*","","TESLA MOTORS, IN PAYROLL 221018 675319 Opperud Travis"
"10/07/2022","300.00","*","","TESLA MOTORS, IN PAYROLL 221004 675319 Opperud Travis"
"10/04/2022","-545.71","*","","OVERDRAFT PROTECTION XFER TO CHECKING"
"09/30/2022","0.14","*","","INTEREST PAYMENT"
"09/23/2022","300.00","*","","TESLA MOTORS, IN PAYROLL 220920 675319 Opperud Travis"
"09/09/2022","300.00","*","","TESLA MOTORS, IN PAYROLL 220906 675319 Opperud Travis"
"08/31/2022","0.14","*","","INTEREST PAYMENT"
"08/26/2022","300.00","*","","TESLA MOTORS, IN PAYROLL 220824 675319 Opperud Travis"
"08/12/2022","300.00","*","","TESLA MOTORS, IN PAYROLL 220809 675319 Opperud Travis"
